model,feature,epoch,loss,accuracy,EER,lr,batch_size,time
cnn,lfcc,1,0.918881893157959,1.0,0.0,0.0001,16,1.969
cnn,lfcc,2,0.8481390731675285,1.0,0.0,0.0001,16,0.1763
cnn,lfcc,3,0.7824267659868512,1.0,0.0,0.0001,16,0.1655
