{
  "model": "crnn",
  "feature": "lfcc",
  "split": "dev",
  "epoch": 3,
  "threshold": 0.4636440442333221,
  "eer": 0.0,
  "log_loss": 0.541369462955107,
  "val_loss": 0.5413694643974304,
  "val_accuracy": 1.0
}