{
  "model": "lstm",
  "feature": "lfcc",
  "split": "dev",
  "epoch": 3,
  "threshold": 0.5080644951591492,
  "eer": 0.0,
  "log_loss": 0.6248959392794884,
  "val_loss": 0.6259700105740473,
  "val_accuracy": 1.0
}